PP-TB [1-8]|PP-TB [1-8]
PP-TB [9-16]|PP-TB [9-16]
PP-TB [17-24]|PP-TB [17-24]
PP-TB [25-32]|PP-TB [25-32]
PP-TB [33-40]|PP-TB [33-40]
PP-TB [41-48]|PP-TB [41-48]
P-TB [1-6]|P-TB [1-6]
M-TSN1 [9-12]|M-TSN1 [9-12]
M-TSN2 [9-12]|M-TSN2 [9-12]
M-TSN3 [9-12]|M-TSN3 [9-12]
M-TSN4 [9-10]|M-TSN4 [9-10]
P-TB [7-10]|P-TB [7-10]
P-TB [11-18]|P-TB [11-18]
P-TB [19-26]|P-TB [19-26]
P-TB [27-34]|P-TB [27-34]
P-TB [35-42]|P-TB [35-42]
P-TB [43-50]|P-TB [43-50]
P-TB [51-58]|P-TB [51-58]
P-TB [59-66]|P-TB [59-66]
P-TB [66-74]|P-TB [66-74]
AA-TB1 [1 2 9 10]|AB-TB1 [1-4]
M-TSN1 [3A4A]|M-TSN1 [3A4A]
M-TSN2 [3A4A]|M-TSN2 [3A4A]
M-TSN3 [3A4A]|M-TSN3 [3A4A]
M-TSN4 [3A4A]|M-TSN4 [3A4A]
M-TSN1 [5B6B]|M-TSN1 [5B6B]
M-TSN2 [5B6B]|M-TSN2 [5B6B]
M-TSN3 [5B6B]|M-TSN3 [5B6B]
B-TB [1-8]|B-TB [1-8]
B-TB [9-16]|B-TB [9-16]
B-TB [17-24]|B-TB [17-24]
B-TB [25-32]|B-TB [25-32]
B-TB [33-40]|B-TB [33-40]
B-TB [41-48]|B-TB [41-48]
B-TB [49-56]|B-TB [49-56]
B-TB [57-64]|B-TB [57-64]
B-TB [65-72]|B-TB [65-72]
BB-TB [1-8]|BB-TB [1-8]
BB-TB [9-16]|BB-TB [9-16]
BB-TB [17-24]|BB-TB [17-24]
BB-TB [25-32]|BB-TB [25-32]
BB-TB [33-40]|BB-TB [33-40]
BB-TB [41-48]|BB-TB [41-48]
BB-TB [49-56]|BB-TB [49-56]
FF-A [3-12]|FF-A [3-12]
FF-A [13-23]|FF-A [13-23]
FF-A [24-32]|FF-A [24-32]
FF-B [3-12]|FF-B [3-12]
FF-B [13-23]|FF-B [13-23]
FF-B [24-32]|FF-B [24-32]
FF-D [1-8]|FF-D [1-8]
FF-D [9-16]|FF-D [9-16]
FF-D [17-24]|FF-D [17-24]
FF-D [25-32]|FF-D [25-32]
GG-A [1-8]|GG-A [1-8]
GG-A [9-16]|GG-A [9-16]
GG-A [17-24]|GG-A [17-24]
HH-A [1-8]|HH-A [1-8]
HH-A [9-16]|HH-A [9-16]
HH-A [17-24]|HH-A [17-24]
HH-A [25-32]|HH-A [25-32]
HH-B [1-4]|HH-B [1-4]
CC-A [1-8]|CC-A [1-8]
CC-A [9-16]|CC-A [9-16]
CC-A [17-24]|CC-A [17-24]
CC-A [25-32]|CC-A [25-32]
CC-B [1-8]|CC-B [1-8]
CC-B [9-16]|CC-B [9-16]
FF-C [1-6]|FF-C [1-6]
FF-C [7-10]|FF-C [7-10]
FF-C [11-14]|FF-C [11-14]
FF-C [15-18]|FF-C [15-18]
FF-C [19-20]|FF-C [19-20]
FF-C [21-24]|FF-C [21-24]
FF-C [25-32]|FF-C [25-32]
CC-B [17-24]|CC-B [17-24]
CC-B [25-32]|CC-B [25-32]
CC-C [1-8]|CC-C [1-8]
CC-C [9-16]|CC-C [9-16]
CC-C [17-24]|CC-C [17-24]
CC-C [25-32]|CC-C [25-32]
CC-D [1-8]|CC-D [1-8]
CC-D [9-16]|CC-D [9-16]
CC-D [17-24]|CC-D [17-24]
CC-D [25-32]|CC-D [25-32]
